sample_id,trajectory_id,step_id,changed_parameter,sample_dir,started_at,finished_at,elapsed_seconds,slow_seconds,is_slow,status,returncode,stdout_path,stderr_path,error
98,7,13,JuvenileLeaves,E:\Paper\智慧农业\二维作物模型\MAIZSIM\示例输入\ExcelInterface-master\Example input\SingleLayerLoam2D\sensitivity_runs\formal_r300_workers16_timeout300\samples\sample_000098,2026-04-29T23:38:26,2026-04-29T23:40:50,143.775,120,true,success,0,E:\Paper\智慧农业\二维作物模型\MAIZSIM\示例输入\ExcelInterface-master\Example input\SingleLayerLoam2D\sensitivity_runs\formal_r300_workers16_timeout300\samples\sample_000098\stdout.txt,E:\Paper\智慧农业\二维作物模型\MAIZSIM\示例输入\ExcelInterface-master\Example input\SingleLayerLoam2D\sensitivity_runs\formal_r300_workers16_timeout300\samples\sample_000098\stderr.txt,
217,16,6,thetaS,E:\Paper\智慧农业\二维作物模型\MAIZSIM\示例输入\ExcelInterface-master\Example input\SingleLayerLoam2D\sensitivity_runs\formal_r300_workers16_timeout300\samples\sample_000217,2026-04-29T23:42:55,2026-04-29T23:45:43,167.398,120,true,success,0,E:\Paper\智慧农业\二维作物模型\MAIZSIM\示例输入\ExcelInterface-master\Example input\SingleLayerLoam2D\sensitivity_runs\formal_r300_workers16_timeout300\samples\sample_000217\stdout.txt,E:\Paper\智慧农业\二维作物模型\MAIZSIM\示例输入\ExcelInterface-master\Example input\SingleLayerLoam2D\sensitivity_runs\formal_r300_workers16_timeout300\samples\sample_000217\stderr.txt,
218,16,7,thetaR,E:\Paper\智慧农业\二维作物模型\MAIZSIM\示例输入\ExcelInterface-master\Example input\SingleLayerLoam2D\sensitivity_runs\formal_r300_workers16_timeout300\samples\sample_000218,2026-04-29T23:42:58,2026-04-29T23:46:04,185.529,120,true,success,0,E:\Paper\智慧农业\二维作物模型\MAIZSIM\示例输入\ExcelInterface-master\Example input\SingleLayerLoam2D\sensitivity_runs\formal_r300_workers16_timeout300\samples\sample_000218\stdout.txt,E:\Paper\智慧农业\二维作物模型\MAIZSIM\示例输入\ExcelInterface-master\Example input\SingleLayerLoam2D\sensitivity_runs\formal_r300_workers16_timeout300\samples\sample_000218\stderr.txt,
219,16,8,Diffx,E:\Paper\智慧农业\二维作物模型\MAIZSIM\示例输入\ExcelInterface-master\Example input\SingleLayerLoam2D\sensitivity_runs\formal_r300_workers16_timeout300\samples\sample_000219,2026-04-29T23:42:59,2026-04-29T23:46:04,184.740,120,true,success,0,E:\Paper\智慧农业\二维作物模型\MAIZSIM\示例输入\ExcelInterface-master\Example input\SingleLayerLoam2D\sensitivity_runs\formal_r300_workers16_timeout300\samples\sample_000219\stdout.txt,E:\Paper\智慧农业\二维作物模型\MAIZSIM\示例输入\ExcelInterface-master\Example input\SingleLayerLoam2D\sensitivity_runs\formal_r300_workers16_timeout300\samples\sample_000219\stderr.txt,
220,16,9,Rmax_LTAR,E:\Paper\智慧农业\二维作物模型\MAIZSIM\示例输入\ExcelInterface-master\Example input\SingleLayerLoam2D\sensitivity_runs\formal_r300_workers16_timeout300\samples\sample_000220,2026-04-29T23:43:00,2026-04-29T23:45:26,145.689,120,true,success,0,E:\Paper\智慧农业\二维作物模型\MAIZSIM\示例输入\ExcelInterface-master\Example input\SingleLayerLoam2D\sensitivity_runs\formal_r300_workers16_timeout300\samples\sample_000220\stdout.txt,E:\Paper\智慧农业\二维作物模型\MAIZSIM\示例输入\ExcelInterface-master\Example input\SingleLayerLoam2D\sensitivity_runs\formal_r300_workers16_timeout300\samples\sample_000220\stderr.txt,
221,16,10,Ks,E:\Paper\智慧农业\二维作物模型\MAIZSIM\示例输入\ExcelInterface-master\Example input\SingleLayerLoam2D\sensitivity_runs\formal_r300_workers16_timeout300\samples\sample_000221,2026-04-29T23:43:00,2026-04-29T23:45:41,160.599,120,true,success,0,E:\Paper\智慧农业\二维作物模型\MAIZSIM\示例输入\ExcelInterface-master\Example input\SingleLayerLoam2D\sensitivity_runs\formal_r300_workers16_timeout300\samples\sample_000221\stdout.txt,E:\Paper\智慧农业\二维作物模型\MAIZSIM\示例输入\ExcelInterface-master\Example input\SingleLayerLoam2D\sensitivity_runs\formal_r300_workers16_timeout300\samples\sample_000221\stderr.txt,
245,18,6,n,E:\Paper\智慧农业\二维作物模型\MAIZSIM\示例输入\ExcelInterface-master\Example input\SingleLayerLoam2D\sensitivity_runs\formal_r300_workers16_timeout300\samples\sample_000245,2026-04-29T23:44:16,2026-04-29T23:47:07,171.543,120,true,success,0,E:\Paper\智慧农业\二维作物模型\MAIZSIM\示例输入\ExcelInterface-master\Example input\SingleLayerLoam2D\sensitivity_runs\formal_r300_workers16_timeout300\samples\sample_000245\stdout.txt,E:\Paper\智慧农业\二维作物模型\MAIZSIM\示例输入\ExcelInterface-master\Example input\SingleLayerLoam2D\sensitivity_runs\formal_r300_workers16_timeout300\samples\sample_000245\stderr.txt,
246,18,7,StayGreen,E:\Paper\智慧农业\二维作物模型\MAIZSIM\示例输入\ExcelInterface-master\Example input\SingleLayerLoam2D\sensitivity_runs\formal_r300_workers16_timeout300\samples\sample_000246,2026-04-29T23:44:16,2026-04-29T23:46:53,156.700,120,true,success,0,E:\Paper\智慧农业\二维作物模型\MAIZSIM\示例输入\ExcelInterface-master\Example input\SingleLayerLoam2D\sensitivity_runs\formal_r300_workers16_timeout300\samples\sample_000246\stdout.txt,E:\Paper\智慧农业\二维作物模型\MAIZSIM\示例输入\ExcelInterface-master\Example input\SingleLayerLoam2D\sensitivity_runs\formal_r300_workers16_timeout300\samples\sample_000246\stderr.txt,
247,18,8,Diffx,E:\Paper\智慧农业\二维作物模型\MAIZSIM\示例输入\ExcelInterface-master\Example input\SingleLayerLoam2D\sensitivity_runs\formal_r300_workers16_timeout300\samples\sample_000247,2026-04-29T23:44:22,2026-04-29T23:46:59,157.074,120,true,success,0,E:\Paper\智慧农业\二维作物模型\MAIZSIM\示例输入\ExcelInterface-master\Example input\SingleLayerLoam2D\sensitivity_runs\formal_r300_workers16_timeout300\samples\sample_000247\stdout.txt,E:\Paper\智慧农业\二维作物模型\MAIZSIM\示例输入\ExcelInterface-master\Example input\SingleLayerLoam2D\sensitivity_runs\formal_r300_workers16_timeout300\samples\sample_000247\stderr.txt,
248,18,9,PhyllFrmTassel,E:\Paper\智慧农业\二维作物模型\MAIZSIM\示例输入\ExcelInterface-master\Example input\SingleLayerLoam2D\sensitivity_runs\formal_r300_workers16_timeout300\samples\sample_000248,2026-04-29T23:44:23,2026-04-29T23:47:02,158.315,120,true,success,0,E:\Paper\智慧农业\二维作物模型\MAIZSIM\示例输入\ExcelInterface-master\Example input\SingleLayerLoam2D\sensitivity_runs\formal_r300_workers16_timeout300\samples\sample_000248\stdout.txt,E:\Paper\智慧农业\二维作物模型\MAIZSIM\示例输入\ExcelInterface-master\Example input\SingleLayerLoam2D\sensitivity_runs\formal_r300_workers16_timeout300\samples\sample_000248\stderr.txt,
249,18,10,thetaR,E:\Paper\智慧农业\二维作物模型\MAIZSIM\示例输入\ExcelInterface-master\Example input\SingleLayerLoam2D\sensitivity_runs\formal_r300_workers16_timeout300\samples\sample_000249,2026-04-29T23:44:26,2026-04-29T23:47:07,161.045,120,true,success,0,E:\Paper\智慧农业\二维作物模型\MAIZSIM\示例输入\ExcelInterface-master\Example input\SingleLayerLoam2D\sensitivity_runs\formal_r300_workers16_timeout300\samples\sample_000249\stdout.txt,E:\Paper\智慧农业\二维作物模型\MAIZSIM\示例输入\ExcelInterface-master\Example input\SingleLayerLoam2D\sensitivity_runs\formal_r300_workers16_timeout300\samples\sample_000249\stderr.txt,
250,18,11,Rmax_LTIR,E:\Paper\智慧农业\二维作物模型\MAIZSIM\示例输入\ExcelInterface-master\Example input\SingleLayerLoam2D\sensitivity_runs\formal_r300_workers16_timeout300\samples\sample_000250,2026-04-29T23:44:38,2026-04-29T23:47:25,166.336,120,true,success,0,E:\Paper\智慧农业\二维作物模型\MAIZSIM\示例输入\ExcelInterface-master\Example input\SingleLayerLoam2D\sensitivity_runs\formal_r300_workers16_timeout300\samples\sample_000250\stdout.txt,E:\Paper\智慧农业\二维作物模型\MAIZSIM\示例输入\ExcelInterface-master\Example input\SingleLayerLoam2D\sensitivity_runs\formal_r300_workers16_timeout300\samples\sample_000250\stderr.txt,
251,18,12,thetaS,E:\Paper\智慧农业\二维作物模型\MAIZSIM\示例输入\ExcelInterface-master\Example input\SingleLayerLoam2D\sensitivity_runs\formal_r300_workers16_timeout300\samples\sample_000251,2026-04-29T23:44:44,2026-04-29T23:46:50,126.370,120,true,success,0,E:\Paper\智慧农业\二维作物模型\MAIZSIM\示例输入\ExcelInterface-master\Example input\SingleLayerLoam2D\sensitivity_runs\formal_r300_workers16_timeout300\samples\sample_000251\stdout.txt,E:\Paper\智慧农业\二维作物模型\MAIZSIM\示例输入\ExcelInterface-master\Example input\SingleLayerLoam2D\sensitivity_runs\formal_r300_workers16_timeout300\samples\sample_000251\stderr.txt,
252,18,13,Diffz,E:\Paper\智慧农业\二维作物模型\MAIZSIM\示例输入\ExcelInterface-master\Example input\SingleLayerLoam2D\sensitivity_runs\formal_r300_workers16_timeout300\samples\sample_000252,2026-04-29T23:44:49,2026-04-29T23:47:03,134.610,120,true,success,0,E:\Paper\智慧农业\二维作物模型\MAIZSIM\示例输入\ExcelInterface-master\Example input\SingleLayerLoam2D\sensitivity_runs\formal_r300_workers16_timeout300\samples\sample_000252\stdout.txt,E:\Paper\智慧农业\二维作物模型\MAIZSIM\示例输入\ExcelInterface-master\Example input\SingleLayerLoam2D\sensitivity_runs\formal_r300_workers16_timeout300\samples\sample_000252\stderr.txt,
357,26,6,n,E:\Paper\智慧农业\二维作物模型\MAIZSIM\示例输入\ExcelInterface-master\Example input\SingleLayerLoam2D\sensitivity_runs\formal_r300_workers16_timeout300\samples\sample_000357,2026-04-29T23:49:36,2026-04-29T23:51:49,132.553,120,true,success,0,E:\Paper\智慧农业\二维作物模型\MAIZSIM\示例输入\ExcelInterface-master\Example input\SingleLayerLoam2D\sensitivity_runs\formal_r300_workers16_timeout300\samples\sample_000357\stdout.txt,E:\Paper\智慧农业\二维作物模型\MAIZSIM\示例输入\ExcelInterface-master\Example input\SingleLayerLoam2D\sensitivity_runs\formal_r300_workers16_timeout300\samples\sample_000357\stderr.txt,
632,46,1,LM_min,E:\Paper\智慧农业\二维作物模型\MAIZSIM\示例输入\ExcelInterface-master\Example input\SingleLayerLoam2D\sensitivity_runs\formal_r300_workers16_timeout300\samples\sample_000632,2026-04-30T00:00:03,2026-04-30T00:02:18,135.078,120,true,success,0,E:\Paper\智慧农业\二维作物模型\MAIZSIM\示例输入\ExcelInterface-master\Example input\SingleLayerLoam2D\sensitivity_runs\formal_r300_workers16_timeout300\samples\sample_000632\stdout.txt,E:\Paper\智慧农业\二维作物模型\MAIZSIM\示例输入\ExcelInterface-master\Example input\SingleLayerLoam2D\sensitivity_runs\formal_r300_workers16_timeout300\samples\sample_000632\stderr.txt,
674,49,1,JuvenileLeaves,E:\Paper\智慧农业\二维作物模型\MAIZSIM\示例输入\ExcelInterface-master\Example input\SingleLayerLoam2D\sensitivity_runs\formal_r300_workers16_timeout300\samples\sample_000674,2026-04-30T00:01:54,2026-04-30T00:05:08,194.588,120,true,success,0,E:\Paper\智慧农业\二维作物模型\MAIZSIM\示例输入\ExcelInterface-master\Example input\SingleLayerLoam2D\sensitivity_runs\formal_r300_workers16_timeout300\samples\sample_000674\stdout.txt,E:\Paper\智慧农业\二维作物模型\MAIZSIM\示例输入\ExcelInterface-master\Example input\SingleLayerLoam2D\sensitivity_runs\formal_r300_workers16_timeout300\samples\sample_000674\stderr.txt,
675,49,2,PhyllFrmTassel,E:\Paper\智慧农业\二维作物模型\MAIZSIM\示例输入\ExcelInterface-master\Example input\SingleLayerLoam2D\sensitivity_runs\formal_r300_workers16_timeout300\samples\sample_000675,2026-04-30T00:02:00,2026-04-30T00:05:09,188.978,120,true,success,0,E:\Paper\智慧农业\二维作物模型\MAIZSIM\示例输入\ExcelInterface-master\Example input\SingleLayerLoam2D\sensitivity_runs\formal_r300_workers16_timeout300\samples\sample_000675\stdout.txt,E:\Paper\智慧农业\二维作物模型\MAIZSIM\示例输入\ExcelInterface-master\Example input\SingleLayerLoam2D\sensitivity_runs\formal_r300_workers16_timeout300\samples\sample_000675\stderr.txt,
676,49,3,Diffz,E:\Paper\智慧农业\二维作物模型\MAIZSIM\示例输入\ExcelInterface-master\Example input\SingleLayerLoam2D\sensitivity_runs\formal_r300_workers16_timeout300\samples\sample_000676,2026-04-30T00:02:03,2026-04-30T00:05:13,189.910,120,true,success,0,E:\Paper\智慧农业\二维作物模型\MAIZSIM\示例输入\ExcelInterface-master\Example input\SingleLayerLoam2D\sensitivity_runs\formal_r300_workers16_timeout300\samples\sample_000676\stdout.txt,E:\Paper\智慧农业\二维作物模型\MAIZSIM\示例输入\ExcelInterface-master\Example input\SingleLayerLoam2D\sensitivity_runs\formal_r300_workers16_timeout300\samples\sample_000676\stderr.txt,
964,69,11,n,E:\Paper\智慧农业\二维作物模型\MAIZSIM\示例输入\ExcelInterface-master\Example input\SingleLayerLoam2D\sensitivity_runs\formal_r300_workers16_timeout300\samples\sample_000964,2026-04-30T00:12:52,2026-04-30T00:15:52,180.067,120,true,success,0,E:\Paper\智慧农业\二维作物模型\MAIZSIM\示例输入\ExcelInterface-master\Example input\SingleLayerLoam2D\sensitivity_runs\formal_r300_workers16_timeout300\samples\sample_000964\stdout.txt,E:\Paper\智慧农业\二维作物模型\MAIZSIM\示例输入\ExcelInterface-master\Example input\SingleLayerLoam2D\sensitivity_runs\formal_r300_workers16_timeout300\samples\sample_000964\stderr.txt,
1442,103,13,JuvenileLeaves,E:\Paper\智慧农业\二维作物模型\MAIZSIM\示例输入\ExcelInterface-master\Example input\SingleLayerLoam2D\sensitivity_runs\formal_r300_workers16_timeout300\samples\sample_001442,2026-04-30T00:31:15,2026-04-30T00:33:21,125.875,120,true,success,0,E:\Paper\智慧农业\二维作物模型\MAIZSIM\示例输入\ExcelInterface-master\Example input\SingleLayerLoam2D\sensitivity_runs\formal_r300_workers16_timeout300\samples\sample_001442\stdout.txt,E:\Paper\智慧农业\二维作物模型\MAIZSIM\示例输入\ExcelInterface-master\Example input\SingleLayerLoam2D\sensitivity_runs\formal_r300_workers16_timeout300\samples\sample_001442\stderr.txt,
1658,119,5,LM_min,E:\Paper\智慧农业\二维作物模型\MAIZSIM\示例输入\ExcelInterface-master\Example input\SingleLayerLoam2D\sensitivity_runs\formal_r300_workers16_timeout300\samples\sample_001658,2026-04-30T00:39:07,2026-04-30T00:41:54,167.154,120,true,success,0,E:\Paper\智慧农业\二维作物模型\MAIZSIM\示例输入\ExcelInterface-master\Example input\SingleLayerLoam2D\sensitivity_runs\formal_r300_workers16_timeout300\samples\sample_001658\stdout.txt,E:\Paper\智慧农业\二维作物模型\MAIZSIM\示例输入\ExcelInterface-master\Example input\SingleLayerLoam2D\sensitivity_runs\formal_r300_workers16_timeout300\samples\sample_001658\stderr.txt,
1659,119,6,Rmax_LTAR,E:\Paper\智慧农业\二维作物模型\MAIZSIM\示例输入\ExcelInterface-master\Example input\SingleLayerLoam2D\sensitivity_runs\formal_r300_workers16_timeout300\samples\sample_001659,2026-04-30T00:39:08,2026-04-30T00:42:50,221.684,120,true,success,0,E:\Paper\智慧农业\二维作物模型\MAIZSIM\示例输入\ExcelInterface-master\Example input\SingleLayerLoam2D\sensitivity_runs\formal_r300_workers16_timeout300\samples\sample_001659\stdout.txt,E:\Paper\智慧农业\二维作物模型\MAIZSIM\示例输入\ExcelInterface-master\Example input\SingleLayerLoam2D\sensitivity_runs\formal_r300_workers16_timeout300\samples\sample_001659\stderr.txt,
1660,119,7,StayGreen,E:\Paper\智慧农业\二维作物模型\MAIZSIM\示例输入\ExcelInterface-master\Example input\SingleLayerLoam2D\sensitivity_runs\formal_r300_workers16_timeout300\samples\sample_001660,2026-04-30T00:39:10,2026-04-30T00:43:02,232.450,120,true,success,0,E:\Paper\智慧农业\二维作物模型\MAIZSIM\示例输入\ExcelInterface-master\Example input\SingleLayerLoam2D\sensitivity_runs\formal_r300_workers16_timeout300\samples\sample_001660\stdout.txt,E:\Paper\智慧农业\二维作物模型\MAIZSIM\示例输入\ExcelInterface-master\Example input\SingleLayerLoam2D\sensitivity_runs\formal_r300_workers16_timeout300\samples\sample_001660\stderr.txt,
1661,119,8,Rmax_LTIR,E:\Paper\智慧农业\二维作物模型\MAIZSIM\示例输入\ExcelInterface-master\Example input\SingleLayerLoam2D\sensitivity_runs\formal_r300_workers16_timeout300\samples\sample_001661,2026-04-30T00:39:11,2026-04-30T00:43:00,228.741,120,true,success,0,E:\Paper\智慧农业\二维作物模型\MAIZSIM\示例输入\ExcelInterface-master\Example input\SingleLayerLoam2D\sensitivity_runs\formal_r300_workers16_timeout300\samples\sample_001661\stdout.txt,E:\Paper\智慧农业\二维作物模型\MAIZSIM\示例输入\ExcelInterface-master\Example input\SingleLayerLoam2D\sensitivity_runs\formal_r300_workers16_timeout300\samples\sample_001661\stderr.txt,
1662,119,9,PhyllFrmTassel,E:\Paper\智慧农业\二维作物模型\MAIZSIM\示例输入\ExcelInterface-master\Example input\SingleLayerLoam2D\sensitivity_runs\formal_r300_workers16_timeout300\samples\sample_001662,2026-04-30T00:39:14,2026-04-30T00:43:09,234.322,120,true,success,0,E:\Paper\智慧农业\二维作物模型\MAIZSIM\示例输入\ExcelInterface-master\Example input\SingleLayerLoam2D\sensitivity_runs\formal_r300_workers16_timeout300\samples\sample_001662\stdout.txt,E:\Paper\智慧农业\二维作物模型\MAIZSIM\示例输入\ExcelInterface-master\Example input\SingleLayerLoam2D\sensitivity_runs\formal_r300_workers16_timeout300\samples\sample_001662\stderr.txt,
1663,119,10,Ks,E:\Paper\智慧农业\二维作物模型\MAIZSIM\示例输入\ExcelInterface-master\Example input\SingleLayerLoam2D\sensitivity_runs\formal_r300_workers16_timeout300\samples\sample_001663,2026-04-30T00:39:18,2026-04-30T00:43:58,279.585,120,true,success,0,E:\Paper\智慧农业\二维作物模型\MAIZSIM\示例输入\ExcelInterface-master\Example input\SingleLayerLoam2D\sensitivity_runs\formal_r300_workers16_timeout300\samples\sample_001663\stdout.txt,E:\Paper\智慧农业\二维作物模型\MAIZSIM\示例输入\ExcelInterface-master\Example input\SingleLayerLoam2D\sensitivity_runs\formal_r300_workers16_timeout300\samples\sample_001663\stderr.txt,
1664,119,11,Diffx,E:\Paper\智慧农业\二维作物模型\MAIZSIM\示例输入\ExcelInterface-master\Example input\SingleLayerLoam2D\sensitivity_runs\formal_r300_workers16_timeout300\samples\sample_001664,2026-04-30T00:39:21,2026-04-30T00:43:50,268.964,120,true,success,0,E:\Paper\智慧农业\二维作物模型\MAIZSIM\示例输入\ExcelInterface-master\Example input\SingleLayerLoam2D\sensitivity_runs\formal_r300_workers16_timeout300\samples\sample_001664\stdout.txt,E:\Paper\智慧农业\二维作物模型\MAIZSIM\示例输入\ExcelInterface-master\Example input\SingleLayerLoam2D\sensitivity_runs\formal_r300_workers16_timeout300\samples\sample_001664\stderr.txt,
1665,119,12,thetaS,E:\Paper\智慧农业\二维作物模型\MAIZSIM\示例输入\ExcelInterface-master\Example input\SingleLayerLoam2D\sensitivity_runs\formal_r300_workers16_timeout300\samples\sample_001665,2026-04-30T00:39:23,2026-04-30T00:42:38,194.635,120,true,success,0,E:\Paper\智慧农业\二维作物模型\MAIZSIM\示例输入\ExcelInterface-master\Example input\SingleLayerLoam2D\sensitivity_runs\formal_r300_workers16_timeout300\samples\sample_001665\stdout.txt,E:\Paper\智慧农业\二维作物模型\MAIZSIM\示例输入\ExcelInterface-master\Example input\SingleLayerLoam2D\sensitivity_runs\formal_r300_workers16_timeout300\samples\sample_001665\stderr.txt,
1737,125,0,,E:\Paper\智慧农业\二维作物模型\MAIZSIM\示例输入\ExcelInterface-master\Example input\SingleLayerLoam2D\sensitivity_runs\formal_r300_workers16_timeout300\samples\sample_001737,2026-04-30T00:43:24,2026-04-30T00:47:32,247.858,120,true,success,0,E:\Paper\智慧农业\二维作物模型\MAIZSIM\示例输入\ExcelInterface-master\Example input\SingleLayerLoam2D\sensitivity_runs\formal_r300_workers16_timeout300\samples\sample_001737\stdout.txt,E:\Paper\智慧农业\二维作物模型\MAIZSIM\示例输入\ExcelInterface-master\Example input\SingleLayerLoam2D\sensitivity_runs\formal_r300_workers16_timeout300\samples\sample_001737\stderr.txt,
1738,125,1,Diffz,E:\Paper\智慧农业\二维作物模型\MAIZSIM\示例输入\ExcelInterface-master\Example input\SingleLayerLoam2D\sensitivity_runs\formal_r300_workers16_timeout300\samples\sample_001738,2026-04-30T00:43:25,2026-04-30T00:47:41,256.016,120,true,success,0,E:\Paper\智慧农业\二维作物模型\MAIZSIM\示例输入\ExcelInterface-master\Example input\SingleLayerLoam2D\sensitivity_runs\formal_r300_workers16_timeout300\samples\sample_001738\stdout.txt,E:\Paper\智慧农业\二维作物模型\MAIZSIM\示例输入\ExcelInterface-master\Example input\SingleLayerLoam2D\sensitivity_runs\formal_r300_workers16_timeout300\samples\sample_001738\stderr.txt,
1739,125,2,Rmax_LTIR,E:\Paper\智慧农业\二维作物模型\MAIZSIM\示例输入\ExcelInterface-master\Example input\SingleLayerLoam2D\sensitivity_runs\formal_r300_workers16_timeout300\samples\sample_001739,2026-04-30T00:43:26,2026-04-30T00:47:19,232.953,120,true,success,0,E:\Paper\智慧农业\二维作物模型\MAIZSIM\示例输入\ExcelInterface-master\Example input\SingleLayerLoam2D\sensitivity_runs\formal_r300_workers16_timeout300\samples\sample_001739\stdout.txt,E:\Paper\智慧农业\二维作物模型\MAIZSIM\示例输入\ExcelInterface-master\Example input\SingleLayerLoam2D\sensitivity_runs\formal_r300_workers16_timeout300\samples\sample_001739\stderr.txt,
2119,152,4,Rmax_LTIR,E:\Paper\智慧农业\二维作物模型\MAIZSIM\示例输入\ExcelInterface-master\Example input\SingleLayerLoam2D\sensitivity_runs\formal_r300_workers16_timeout300\samples\sample_002119,2026-04-30T00:58:13,2026-04-30T01:00:20,127.189,120,true,success,0,E:\Paper\智慧农业\二维作物模型\MAIZSIM\示例输入\ExcelInterface-master\Example input\SingleLayerLoam2D\sensitivity_runs\formal_r300_workers16_timeout300\samples\sample_002119\stdout.txt,E:\Paper\智慧农业\二维作物模型\MAIZSIM\示例输入\ExcelInterface-master\Example input\SingleLayerLoam2D\sensitivity_runs\formal_r300_workers16_timeout300\samples\sample_002119\stderr.txt,
2120,152,5,PhyllFrmTassel,E:\Paper\智慧农业\二维作物模型\MAIZSIM\示例输入\ExcelInterface-master\Example input\SingleLayerLoam2D\sensitivity_runs\formal_r300_workers16_timeout300\samples\sample_002120,2026-04-30T00:58:17,2026-04-30T01:00:23,126.051,120,true,success,0,E:\Paper\智慧农业\二维作物模型\MAIZSIM\示例输入\ExcelInterface-master\Example input\SingleLayerLoam2D\sensitivity_runs\formal_r300_workers16_timeout300\samples\sample_002120\stdout.txt,E:\Paper\智慧农业\二维作物模型\MAIZSIM\示例输入\ExcelInterface-master\Example input\SingleLayerLoam2D\sensitivity_runs\formal_r300_workers16_timeout300\samples\sample_002120\stderr.txt,
2121,152,6,thetaS,E:\Paper\智慧农业\二维作物模型\MAIZSIM\示例输入\ExcelInterface-master\Example input\SingleLayerLoam2D\sensitivity_runs\formal_r300_workers16_timeout300\samples\sample_002121,2026-04-30T00:58:17,2026-04-30T01:01:00,162.697,120,true,success,0,E:\Paper\智慧农业\二维作物模型\MAIZSIM\示例输入\ExcelInterface-master\Example input\SingleLayerLoam2D\sensitivity_runs\formal_r300_workers16_timeout300\samples\sample_002121\stdout.txt,E:\Paper\智慧农业\二维作物模型\MAIZSIM\示例输入\ExcelInterface-master\Example input\SingleLayerLoam2D\sensitivity_runs\formal_r300_workers16_timeout300\samples\sample_002121\stderr.txt,
2122,152,7,Diffx,E:\Paper\智慧农业\二维作物模型\MAIZSIM\示例输入\ExcelInterface-master\Example input\SingleLayerLoam2D\sensitivity_runs\formal_r300_workers16_timeout300\samples\sample_002122,2026-04-30T00:58:19,2026-04-30T01:00:46,147.176,120,true,success,0,E:\Paper\智慧农业\二维作物模型\MAIZSIM\示例输入\ExcelInterface-master\Example input\SingleLayerLoam2D\sensitivity_runs\formal_r300_workers16_timeout300\samples\sample_002122\stdout.txt,E:\Paper\智慧农业\二维作物模型\MAIZSIM\示例输入\ExcelInterface-master\Example input\SingleLayerLoam2D\sensitivity_runs\formal_r300_workers16_timeout300\samples\sample_002122\stderr.txt,
2123,152,8,thetaR,E:\Paper\智慧农业\二维作物模型\MAIZSIM\示例输入\ExcelInterface-master\Example input\SingleLayerLoam2D\sensitivity_runs\formal_r300_workers16_timeout300\samples\sample_002123,2026-04-30T00:58:20,2026-04-30T01:00:50,150.060,120,true,success,0,E:\Paper\智慧农业\二维作物模型\MAIZSIM\示例输入\ExcelInterface-master\Example input\SingleLayerLoam2D\sensitivity_runs\formal_r300_workers16_timeout300\samples\sample_002123\stdout.txt,E:\Paper\智慧农业\二维作物模型\MAIZSIM\示例输入\ExcelInterface-master\Example input\SingleLayerLoam2D\sensitivity_runs\formal_r300_workers16_timeout300\samples\sample_002123\stderr.txt,
2153,154,10,JuvenileLeaves,E:\Paper\智慧农业\二维作物模型\MAIZSIM\示例输入\ExcelInterface-master\Example input\SingleLayerLoam2D\sensitivity_runs\formal_r300_workers16_timeout300\samples\sample_002153,2026-04-30T01:00:12,2026-04-30T01:02:34,141.346,120,true,success,0,E:\Paper\智慧农业\二维作物模型\MAIZSIM\示例输入\ExcelInterface-master\Example input\SingleLayerLoam2D\sensitivity_runs\formal_r300_workers16_timeout300\samples\sample_002153\stdout.txt,E:\Paper\智慧农业\二维作物模型\MAIZSIM\示例输入\ExcelInterface-master\Example input\SingleLayerLoam2D\sensitivity_runs\formal_r300_workers16_timeout300\samples\sample_002153\stderr.txt,
2154,154,11,Rmax_LTAR,E:\Paper\智慧农业\二维作物模型\MAIZSIM\示例输入\ExcelInterface-master\Example input\SingleLayerLoam2D\sensitivity_runs\formal_r300_workers16_timeout300\samples\sample_002154,2026-04-30T01:00:15,2026-04-30T01:03:40,205.277,120,true,success,0,E:\Paper\智慧农业\二维作物模型\MAIZSIM\示例输入\ExcelInterface-master\Example input\SingleLayerLoam2D\sensitivity_runs\formal_r300_workers16_timeout300\samples\sample_002154\stdout.txt,E:\Paper\智慧农业\二维作物模型\MAIZSIM\示例输入\ExcelInterface-master\Example input\SingleLayerLoam2D\sensitivity_runs\formal_r300_workers16_timeout300\samples\sample_002154\stderr.txt,
2341,168,2,JuvenileLeaves,E:\Paper\智慧农业\二维作物模型\MAIZSIM\示例输入\ExcelInterface-master\Example input\SingleLayerLoam2D\sensitivity_runs\formal_r300_workers16_timeout300\samples\sample_002341,2026-04-30T01:07:27,2026-04-30T01:09:48,140.858,120,true,success,0,E:\Paper\智慧农业\二维作物模型\MAIZSIM\示例输入\ExcelInterface-master\Example input\SingleLayerLoam2D\sensitivity_runs\formal_r300_workers16_timeout300\samples\sample_002341\stdout.txt,E:\Paper\智慧农业\二维作物模型\MAIZSIM\示例输入\ExcelInterface-master\Example input\SingleLayerLoam2D\sensitivity_runs\formal_r300_workers16_timeout300\samples\sample_002341\stderr.txt,
2367,170,0,,E:\Paper\智慧农业\二维作物模型\MAIZSIM\示例输入\ExcelInterface-master\Example input\SingleLayerLoam2D\sensitivity_runs\formal_r300_workers16_timeout300\samples\sample_002367,2026-04-30T01:08:27,2026-04-30T01:10:36,129.820,120,true,success,0,E:\Paper\智慧农业\二维作物模型\MAIZSIM\示例输入\ExcelInterface-master\Example input\SingleLayerLoam2D\sensitivity_runs\formal_r300_workers16_timeout300\samples\sample_002367\stdout.txt,E:\Paper\智慧农业\二维作物模型\MAIZSIM\示例输入\ExcelInterface-master\Example input\SingleLayerLoam2D\sensitivity_runs\formal_r300_workers16_timeout300\samples\sample_002367\stderr.txt,
2410,173,1,Alfa,E:\Paper\智慧农业\二维作物模型\MAIZSIM\示例输入\ExcelInterface-master\Example input\SingleLayerLoam2D\sensitivity_runs\formal_r300_workers16_timeout300\samples\sample_002410,2026-04-30T01:10:27,2026-04-30T01:12:48,141.333,120,true,success,0,E:\Paper\智慧农业\二维作物模型\MAIZSIM\示例输入\ExcelInterface-master\Example input\SingleLayerLoam2D\sensitivity_runs\formal_r300_workers16_timeout300\samples\sample_002410\stdout.txt,E:\Paper\智慧农业\二维作物模型\MAIZSIM\示例输入\ExcelInterface-master\Example input\SingleLayerLoam2D\sensitivity_runs\formal_r300_workers16_timeout300\samples\sample_002410\stderr.txt,
2411,173,2,thetaS,E:\Paper\智慧农业\二维作物模型\MAIZSIM\示例输入\ExcelInterface-master\Example input\SingleLayerLoam2D\sensitivity_runs\formal_r300_workers16_timeout300\samples\sample_002411,2026-04-30T01:10:28,2026-04-30T01:13:45,196.955,120,true,success,0,E:\Paper\智慧农业\二维作物模型\MAIZSIM\示例输入\ExcelInterface-master\Example input\SingleLayerLoam2D\sensitivity_runs\formal_r300_workers16_timeout300\samples\sample_002411\stdout.txt,E:\Paper\智慧农业\二维作物模型\MAIZSIM\示例输入\ExcelInterface-master\Example input\SingleLayerLoam2D\sensitivity_runs\formal_r300_workers16_timeout300\samples\sample_002411\stderr.txt,
2412,173,3,StayGreen,E:\Paper\智慧农业\二维作物模型\MAIZSIM\示例输入\ExcelInterface-master\Example input\SingleLayerLoam2D\sensitivity_runs\formal_r300_workers16_timeout300\samples\sample_002412,2026-04-30T01:10:29,2026-04-30T01:13:15,166.401,120,true,success,0,E:\Paper\智慧农业\二维作物模型\MAIZSIM\示例输入\ExcelInterface-master\Example input\SingleLayerLoam2D\sensitivity_runs\formal_r300_workers16_timeout300\samples\sample_002412\stdout.txt,E:\Paper\智慧农业\二维作物模型\MAIZSIM\示例输入\ExcelInterface-master\Example input\SingleLayerLoam2D\sensitivity_runs\formal_r300_workers16_timeout300\samples\sample_002412\stderr.txt,
2507,180,0,,E:\Paper\智慧农业\二维作物模型\MAIZSIM\示例输入\ExcelInterface-master\Example input\SingleLayerLoam2D\sensitivity_runs\formal_r300_workers16_timeout300\samples\sample_002507,2026-04-30T01:14:20,2026-04-30T01:16:40,140.621,120,true,success,0,E:\Paper\智慧农业\二维作物模型\MAIZSIM\示例输入\ExcelInterface-master\Example input\SingleLayerLoam2D\sensitivity_runs\formal_r300_workers16_timeout300\samples\sample_002507\stdout.txt,E:\Paper\智慧农业\二维作物模型\MAIZSIM\示例输入\ExcelInterface-master\Example input\SingleLayerLoam2D\sensitivity_runs\formal_r300_workers16_timeout300\samples\sample_002507\stderr.txt,
2511,180,4,Alfa,E:\Paper\智慧农业\二维作物模型\MAIZSIM\示例输入\ExcelInterface-master\Example input\SingleLayerLoam2D\sensitivity_runs\formal_r300_workers16_timeout300\samples\sample_002511,2026-04-30T01:14:26,2026-04-30T01:17:48,202.338,120,true,success,0,E:\Paper\智慧农业\二维作物模型\MAIZSIM\示例输入\ExcelInterface-master\Example input\SingleLayerLoam2D\sensitivity_runs\formal_r300_workers16_timeout300\samples\sample_002511\stdout.txt,E:\Paper\智慧农业\二维作物模型\MAIZSIM\示例输入\ExcelInterface-master\Example input\SingleLayerLoam2D\sensitivity_runs\formal_r300_workers16_timeout300\samples\sample_002511\stderr.txt,
2533,181,12,thetaS,E:\Paper\智慧农业\二维作物模型\MAIZSIM\示例输入\ExcelInterface-master\Example input\SingleLayerLoam2D\sensitivity_runs\formal_r300_workers16_timeout300\samples\sample_002533,2026-04-30T01:15:37,2026-04-30T01:17:52,134.168,120,true,success,0,E:\Paper\智慧农业\二维作物模型\MAIZSIM\示例输入\ExcelInterface-master\Example input\SingleLayerLoam2D\sensitivity_runs\formal_r300_workers16_timeout300\samples\sample_002533\stdout.txt,E:\Paper\智慧农业\二维作物模型\MAIZSIM\示例输入\ExcelInterface-master\Example input\SingleLayerLoam2D\sensitivity_runs\formal_r300_workers16_timeout300\samples\sample_002533\stderr.txt,
2820,202,5,JuvenileLeaves,E:\Paper\智慧农业\二维作物模型\MAIZSIM\示例输入\ExcelInterface-master\Example input\SingleLayerLoam2D\sensitivity_runs\formal_r300_workers16_timeout300\samples\sample_002820,2026-04-30T01:26:30,2026-04-30T01:29:52,201.922,120,true,success,0,E:\Paper\智慧农业\二维作物模型\MAIZSIM\示例输入\ExcelInterface-master\Example input\SingleLayerLoam2D\sensitivity_runs\formal_r300_workers16_timeout300\samples\sample_002820\stdout.txt,E:\Paper\智慧农业\二维作物模型\MAIZSIM\示例输入\ExcelInterface-master\Example input\SingleLayerLoam2D\sensitivity_runs\formal_r300_workers16_timeout300\samples\sample_002820\stderr.txt,
2821,202,6,thetaS,E:\Paper\智慧农业\二维作物模型\MAIZSIM\示例输入\ExcelInterface-master\Example input\SingleLayerLoam2D\sensitivity_runs\formal_r300_workers16_timeout300\samples\sample_002821,2026-04-30T01:26:32,2026-04-30T01:29:14,161.749,120,true,success,0,E:\Paper\智慧农业\二维作物模型\MAIZSIM\示例输入\ExcelInterface-master\Example input\SingleLayerLoam2D\sensitivity_runs\formal_r300_workers16_timeout300\samples\sample_002821\stdout.txt,E:\Paper\智慧农业\二维作物模型\MAIZSIM\示例输入\ExcelInterface-master\Example input\SingleLayerLoam2D\sensitivity_runs\formal_r300_workers16_timeout300\samples\sample_002821\stderr.txt,
3284,235,7,thetaS,E:\Paper\智慧农业\二维作物模型\MAIZSIM\示例输入\ExcelInterface-master\Example input\SingleLayerLoam2D\sensitivity_runs\formal_r300_workers16_timeout300\samples\sample_003284,2026-04-30T01:44:05,2026-04-30T01:46:35,150.332,120,true,success,0,E:\Paper\智慧农业\二维作物模型\MAIZSIM\示例输入\ExcelInterface-master\Example input\SingleLayerLoam2D\sensitivity_runs\formal_r300_workers16_timeout300\samples\sample_003284\stdout.txt,E:\Paper\智慧农业\二维作物模型\MAIZSIM\示例输入\ExcelInterface-master\Example input\SingleLayerLoam2D\sensitivity_runs\formal_r300_workers16_timeout300\samples\sample_003284\stderr.txt,
3627,260,0,,E:\Paper\智慧农业\二维作物模型\MAIZSIM\示例输入\ExcelInterface-master\Example input\SingleLayerLoam2D\sensitivity_runs\formal_r300_workers16_timeout300\samples\sample_003627,2026-04-30T01:57:08,2026-04-30T01:59:21,132.212,120,true,success,0,E:\Paper\智慧农业\二维作物模型\MAIZSIM\示例输入\ExcelInterface-master\Example input\SingleLayerLoam2D\sensitivity_runs\formal_r300_workers16_timeout300\samples\sample_003627\stdout.txt,E:\Paper\智慧农业\二维作物模型\MAIZSIM\示例输入\ExcelInterface-master\Example input\SingleLayerLoam2D\sensitivity_runs\formal_r300_workers16_timeout300\samples\sample_003627\stderr.txt,
3628,260,1,StayGreen,E:\Paper\智慧农业\二维作物模型\MAIZSIM\示例输入\ExcelInterface-master\Example input\SingleLayerLoam2D\sensitivity_runs\formal_r300_workers16_timeout300\samples\sample_003628,2026-04-30T01:57:08,2026-04-30T01:59:38,149.549,120,true,success,0,E:\Paper\智慧农业\二维作物模型\MAIZSIM\示例输入\ExcelInterface-master\Example input\SingleLayerLoam2D\sensitivity_runs\formal_r300_workers16_timeout300\samples\sample_003628\stdout.txt,E:\Paper\智慧农业\二维作物模型\MAIZSIM\示例输入\ExcelInterface-master\Example input\SingleLayerLoam2D\sensitivity_runs\formal_r300_workers16_timeout300\samples\sample_003628\stderr.txt,
3836,274,13,Alfa,E:\Paper\智慧农业\二维作物模型\MAIZSIM\示例输入\ExcelInterface-master\Example input\SingleLayerLoam2D\sensitivity_runs\formal_r300_workers16_timeout300\samples\sample_003836,2026-04-30T02:04:58,2026-04-30T02:07:35,157.524,120,true,success,0,E:\Paper\智慧农业\二维作物模型\MAIZSIM\示例输入\ExcelInterface-master\Example input\SingleLayerLoam2D\sensitivity_runs\formal_r300_workers16_timeout300\samples\sample_003836\stdout.txt,E:\Paper\智慧农业\二维作物模型\MAIZSIM\示例输入\ExcelInterface-master\Example input\SingleLayerLoam2D\sensitivity_runs\formal_r300_workers16_timeout300\samples\sample_003836\stderr.txt,
4118,295,1,Alfa,E:\Paper\智慧农业\二维作物模型\MAIZSIM\示例输入\ExcelInterface-master\Example input\SingleLayerLoam2D\sensitivity_runs\formal_r300_workers16_timeout300\samples\sample_004118,2026-04-30T02:15:47,2026-04-30T02:18:20,153.161,120,true,success,0,E:\Paper\智慧农业\二维作物模型\MAIZSIM\示例输入\ExcelInterface-master\Example input\SingleLayerLoam2D\sensitivity_runs\formal_r300_workers16_timeout300\samples\sample_004118\stdout.txt,E:\Paper\智慧农业\二维作物模型\MAIZSIM\示例输入\ExcelInterface-master\Example input\SingleLayerLoam2D\sensitivity_runs\formal_r300_workers16_timeout300\samples\sample_004118\stderr.txt,
